-- phpMyAdmin SQL Dump
-- version 3.5.1
-- http://www.phpmyadmin.net
--
-- Хост: 127.0.0.1
-- Время создания: Фев 08 2020 г., 10:29
-- Версия сервера: 5.5.25
-- Версия PHP: 5.3.13

SET SQL_MODE="NO_AUTO_VALUE_ON_ZERO";
SET time_zone = "+00:00";


/*!40101 SET @OLD_CHARACTER_SET_CLIENT=@@CHARACTER_SET_CLIENT */;
/*!40101 SET @OLD_CHARACTER_SET_RESULTS=@@CHARACTER_SET_RESULTS */;
/*!40101 SET @OLD_COLLATION_CONNECTION=@@COLLATION_CONNECTION */;
/*!40101 SET NAMES utf8 */;

--
-- База данных: `advertise`
--

-- --------------------------------------------------------

--
-- Структура таблицы `clients`
--

CREATE TABLE IF NOT EXISTS `clients` (
  `Id` int(11) NOT NULL AUTO_INCREMENT,
  `Name` varchar(64) DEFAULT NULL,
  `Source` int(11) DEFAULT NULL,
  `Date` date DEFAULT NULL,
  `Time` time DEFAULT NULL,
  `Profit` float DEFAULT NULL,
  PRIMARY KEY (`Id`),
  KEY `Source` (`Source`)
) ENGINE=InnoDB  DEFAULT CHARSET=utf8 AUTO_INCREMENT=301 ;

--
-- Дамп данных таблицы `clients`
--

INSERT INTO `clients` (`Id`, `Name`, `Source`, `Date`, `Time`, `Profit`) VALUES
(1, 'Блохин Федор Марсович', 1, '2020-01-10', '07:58:40', 940),
(2, 'Сурков Демид Архипович', 1, '2020-01-17', '02:03:38', 250),
(3, 'Рыбаков Захар Аскольдович', 2, '2020-01-06', '01:41:26', 930),
(4, 'Григорьев Эдгар Матвеевич', 2, '2020-02-08', '13:39:56', 820),
(5, 'Нечаев Тарас Вениаминович', 2, '2020-01-10', '08:29:30', 570),
(6, 'Тихомиров Наум Емельянович', 2, '2020-01-17', '17:53:13', 630),
(7, 'Носков Иван Миронович', 1, '2020-02-03', '10:34:38', 430),
(8, 'Смирнов Елизар Родионович', 2, '2020-01-09', '21:35:07', 830),
(9, 'Лукин Григорий Тихонович', 1, '2020-01-22', '07:44:41', 320),
(10, 'Рябов Федор Тимофеевич', 1, '2020-01-22', '13:08:18', 370),
(11, 'Белоусов Наум Марселевич', 1, '2020-02-10', '19:12:23', 650),
(12, 'Федоров Рустам Эдуардович', 2, '2020-01-04', '01:18:44', 520),
(13, 'Косарев Леонид Ефремович', 2, '2020-01-13', '21:23:18', 910),
(14, 'Черняев Юрий Степанович', 1, '2020-02-12', '03:32:03', 410),
(15, 'Попов Мирослав Дмитриевич', 1, '2020-01-25', '10:20:11', 260),
(16, 'Пастухов Ефим Евгениевич', 2, '2020-02-04', '09:43:48', 960),
(17, 'Зубков Назар Константинович', 2, '2020-02-07', '10:56:27', 530),
(18, 'Шилов Борис Ефимович', 1, '2020-01-19', '18:59:14', 530),
(19, 'Филатов Эльбрус Альбертович', 2, '2020-02-19', '16:20:15', 990),
(20, 'Макеев Анатолий Юриевич', 2, '2020-01-18', '23:33:56', 600),
(21, 'Косарев Платон Димитриевич', 1, '2020-01-15', '15:29:52', 840),
(22, 'Артамонов Станислав Ефимович', 1, '2020-01-21', '14:35:43', 120),
(23, 'Тихонов Кирилл Дич', 1, '2020-01-20', '08:56:58', 110),
(24, 'Симонов Алан Евгениевич', 1, '2020-01-20', '09:32:55', 980),
(25, 'Кондратов Иван Валентинович', 1, '2020-02-14', '09:30:41', 140),
(26, 'Лаптев Георгий Сич', 2, '2020-01-03', '12:21:52', 180),
(27, 'Воронцов Виталий Дементиевич', 2, '2020-02-03', '17:31:29', 590),
(28, 'Шишкин Иосиф Вячеславович', 1, '2020-02-18', '14:58:51', 760),
(29, 'Хохлов Владлен Игоревич', 2, '2020-02-08', '22:57:58', 50),
(30, 'Куприянов Лев Назарович', 2, '2020-01-06', '01:02:55', 870),
(31, 'Успенский Антон Маратович', 1, '2020-02-24', '14:05:22', 90),
(32, 'Дементьев Илья Владленович', 2, '2020-02-19', '00:26:22', 300),
(33, 'Любимов Эдуард Федорович', 2, '2020-02-23', '13:49:07', 270),
(34, 'Титов Роман Трофимович', 1, '2020-02-16', '09:53:43', 80),
(35, 'Жаров Тамерлан Артемович', 2, '2020-02-19', '11:33:40', 160),
(36, 'Анисимов Ильяс Бориславович', 1, '2020-02-01', '21:29:44', 60),
(37, 'Ерофеев Добрыня Федорович', 1, '2020-02-26', '12:36:35', 360),
(38, 'Соловьев Артемий Миронович', 1, '2020-01-16', '05:47:00', 930),
(39, 'Прокофьев Дамир Яковович', 2, '2020-01-06', '04:39:08', 690),
(40, 'Лапин Рустам Трофимович', 2, '2020-01-16', '21:42:12', 850),
(41, 'Филимонов Артур Иннокентиевич', 1, '2020-02-19', '08:22:43', 300),
(42, 'Шевелев Руслан Антипович', 1, '2020-02-25', '06:07:14', 150),
(43, 'Горшков Платон Владиславович', 1, '2020-01-08', '18:39:22', 270),
(44, 'Демьянов Ринат Аланович', 2, '2020-02-19', '19:36:30', 620),
(45, 'Герасимов Ярослав Ринатович', 2, '2020-01-18', '21:23:37', 460),
(46, 'Дорохов Ратмир Аланович', 2, '2020-02-25', '10:17:32', 380),
(47, 'Успенский Никита Арсениевич', 2, '2020-01-26', '12:54:34', 510),
(48, 'Кузин Казимир Романович', 2, '2020-01-04', '01:50:40', 260),
(49, 'Шаповалов Глеб Максович', 2, '2020-02-15', '18:13:41', 540),
(50, 'Лавров Федор Демьянович', 1, '2020-01-11', '17:36:53', 640),
(51, 'Харитонова Амина Романовна', 1, '2020-01-10', '08:49:06', 860),
(52, 'Данилова Ярослава Владиславовна', 2, '2020-02-09', '16:55:12', 850),
(53, 'Курочкина Ольга Игнатовна', 1, '2020-02-24', '13:56:50', 720),
(54, 'Коровина Эвелина Казимировна', 2, '2020-01-18', '01:50:52', 680),
(55, 'Тихонова Надежда Арсениевна', 1, '2020-02-23', '06:40:24', 430),
(56, 'Никифорова Ирина Антоновна', 2, '2020-02-19', '00:34:41', 650),
(57, 'Лазарева Нелли Дементиевна', 1, '2020-01-02', '07:29:55', 430),
(58, 'Свешникова Арина Шамилевна', 2, '2020-02-06', '16:03:10', 130),
(59, 'Позднякова Лия Валентиновна', 1, '2020-02-09', '23:14:25', 370),
(60, 'Кулакова Карина Мстиславовна', 1, '2020-02-12', '05:47:04', 490),
(61, 'Парамонова Антонина Якововна', 2, '2020-01-15', '09:09:14', 220),
(62, 'Озерова Алина Семеновна', 1, '2020-02-22', '08:57:17', 640),
(63, 'Рябова Милена Тамерлановна', 2, '2020-02-18', '14:13:16', 310),
(64, 'Николаева Эльмира Николаевна', 1, '2020-01-01', '07:15:56', 890),
(65, 'Ларионова Аделина Виталиевна', 2, '2020-02-02', '16:50:54', 10),
(66, 'Глухова Виолетта Эдгаровна', 1, '2020-02-09', '21:55:43', 1000),
(67, 'Самойлова Валерия Демидовна', 1, '2020-02-18', '06:07:10', 850),
(68, 'Шилова Елизавета Тихоновна', 2, '2020-02-18', '13:48:19', 250),
(69, 'Бондарева Екатерина Эриковна', 2, '2020-02-02', '21:18:37', 680),
(70, 'Горшкова Вероника Арсениевна', 2, '2020-02-19', '02:23:18', 470),
(71, 'Ермолаева Кира Диновна', 2, '2020-01-20', '06:32:02', 640),
(72, 'Кондратова Алена Макаровна', 2, '2020-01-02', '02:46:45', 940),
(73, 'Губанова Агата Ефремовна', 2, '2020-01-04', '00:34:18', 790),
(74, 'Бирюкова Инна Арсеновна', 1, '2020-01-01', '15:05:23', 540),
(75, 'Кулагина Лилия Святославовна', 2, '2020-02-05', '17:51:36', 220),
(76, 'Леонтьева Тамара Геннадиевна', 1, '2020-02-09', '06:17:44', 990),
(77, 'Орлова Лейла Назаровна', 1, '2020-02-22', '12:52:40', 990),
(78, 'Шувалова Людмила Камилевна', 1, '2020-02-03', '19:59:05', 60),
(79, 'Лобанова Виктория Валентиновна', 1, '2020-02-19', '10:39:43', 770),
(80, 'Румянцева Милена Емельяновна', 1, '2020-02-11', '21:09:47', 40),
(81, 'Овсянникова Зарина Мирославовна', 2, '2020-02-22', '06:34:33', 410),
(82, 'Громова Ника Ярославовна', 1, '2020-01-03', '05:42:09', 70),
(83, 'Яшина Камилла Евгениевна', 1, '2020-01-26', '20:30:13', 500),
(84, 'Королева Евангелина Мирославовна', 1, '2020-02-23', '15:01:56', 380),
(85, 'Кузнецова Вероника Максовна', 1, '2020-01-18', '17:53:39', 650),
(86, 'Царева Лейла Марселевна', 2, '2020-01-15', '10:32:41', 810),
(87, 'Ерофеева Агния Антиповна', 1, '2020-02-07', '22:33:32', 840),
(88, 'Корнилова Арина Родионовна', 2, '2020-01-01', '15:34:01', 50),
(89, 'Королькова Жанна Петровна', 1, '2020-02-19', '13:36:25', 280),
(90, 'Филимонова Полина Владленовна', 2, '2020-01-15', '19:30:40', 140),
(91, 'Столярова Светлана Дамировна', 2, '2020-01-13', '23:31:32', 690),
(92, 'Тарасова Ангелина Мироновна', 1, '2020-02-20', '10:24:36', 770),
(93, 'Цветкова Оксана Илларионовна', 2, '2020-02-03', '07:37:31', 340),
(94, 'Островская София Арсениевна', 1, '2020-02-25', '22:16:41', 530),
(95, 'Князева Зарина Мстиславовна', 1, '2020-02-04', '01:51:21', 610),
(96, 'Пахомова Лейла Егоровна', 1, '2020-02-19', '01:28:30', 990),
(97, 'Коновалова Милана Захаровна', 1, '2020-02-03', '04:49:48', 140),
(98, 'Третьякова Маргарита Мирославовна', 2, '2020-01-15', '21:08:09', 930),
(99, 'Федорова Жанна Дмитриевна', 1, '2020-02-01', '05:51:09', 500),
(100, 'Комиссарова Ярослава Каримовна', 2, '2020-02-12', '12:14:21', 970),
(101, 'Корнилов Кирилл Бориславович', 1, '2020-01-08', '03:01:23', 860),
(102, 'Коршунов Савелий Захарович', 2, '2020-02-21', '10:53:41', 930),
(103, 'Козлов Антонин Евгениевич', 1, '2020-02-05', '17:12:29', 240),
(104, 'Серов Артем Кузьмич', 1, '2020-02-23', '15:21:09', 580),
(105, 'Парамонов Ярослав Романович', 1, '2020-02-19', '14:27:03', 520),
(106, 'Пантелеев Борислав Ильяович', 1, '2020-01-21', '03:45:34', 860),
(107, 'Юдин Ростислав Филиппович', 2, '2020-01-23', '23:27:43', 570),
(108, 'Бирюков Сергей Захарович', 2, '2020-01-24', '00:51:16', 600),
(109, 'Окулов Виталий Гавриилович', 2, '2020-01-15', '15:14:24', 980),
(110, 'Широков Данил Эдгарович', 1, '2020-01-25', '10:37:22', 540),
(111, 'Глухов Анвар Геннадиевич', 1, '2020-01-17', '10:55:00', 270),
(112, 'Воронцов Добрыня Германович', 1, '2020-01-19', '21:26:55', 230),
(113, 'Рубцов Эльдар Арсениевич', 1, '2020-02-16', '14:47:52', 450),
(114, 'Миронов Даниил Янович', 2, '2020-01-14', '12:09:02', 250),
(115, 'Бобров Илья Георгиевич', 1, '2020-02-16', '20:21:19', 750),
(116, 'Рудаков Евдоким Германович', 2, '2020-01-17', '22:16:45', 600),
(117, 'Фролов Святослав Марселевич', 1, '2020-02-22', '19:29:05', 430),
(118, 'Золотарев Борислав Елизарович', 1, '2020-01-24', '20:30:01', 570),
(119, 'Никитин Архип Аланович', 1, '2020-01-27', '18:58:28', 530),
(120, 'Маслов Марсель Трофимович', 1, '2020-01-02', '01:35:51', 120),
(121, 'Ефремов Роман Леонидович', 2, '2020-02-19', '12:07:49', 700),
(122, 'Матвеев Тимур Русланович', 1, '2020-02-21', '16:56:10', 400),
(123, 'Пирогов Эдип Родионович', 2, '2020-02-01', '20:18:04', 1000),
(124, 'Демидов Вениамин Юлиевич', 1, '2020-02-05', '07:16:18', 590),
(125, 'Блохин Никифор Альбертович', 2, '2020-02-21', '21:13:52', 350),
(126, 'Мартынов Пахом Осипович', 1, '2020-01-09', '09:12:07', 650),
(127, 'Крючков Марсель Денисович', 1, '2020-01-03', '00:18:07', 830),
(128, 'Климов Святослав Федорович', 1, '2020-01-07', '07:47:06', 460),
(129, 'Юдин Архип Артемович', 1, '2020-01-07', '20:30:03', 450),
(130, 'Алешин Альберт Святославович', 2, '2020-01-22', '17:18:21', 650),
(131, 'Митрофанов Артем Анварович', 2, '2020-02-14', '02:56:45', 310),
(132, 'Терентьев Евдоким Добрыняович', 1, '2020-01-08', '23:11:53', 750),
(133, 'Кожевников Борис Кириллович', 2, '2020-01-17', '10:45:11', 330),
(134, 'Минаев Иннокентий Викторович', 2, '2020-01-15', '16:04:11', 990),
(135, 'Булатов Осип Шамилевич', 1, '2020-01-09', '23:45:09', 410),
(136, 'Сомов Оскар Мстиславович', 1, '2020-02-06', '20:20:42', 880),
(137, 'Чернышев Оскар Эдгарович', 1, '2020-02-25', '07:10:19', 910),
(138, 'Орехов Григорий Тарасович', 2, '2020-01-08', '13:09:19', 330),
(139, 'Толкачев Макс Антипович', 2, '2020-02-12', '20:34:20', 850),
(140, 'Свешников Андрей Эльдарович', 2, '2020-02-28', '10:44:26', 230),
(141, 'Безруков Василий Матвеевич', 2, '2020-01-17', '09:29:04', 320),
(142, 'Лебедев Марк Емельянович', 1, '2020-02-11', '21:52:04', 300),
(143, 'Еремин Эмиль Арсениевич', 1, '2020-01-13', '14:49:01', 690),
(144, 'Цветков Альберт Артемович', 2, '2020-02-28', '18:21:40', 770),
(145, 'Львов Тихон Тихонович', 2, '2020-02-25', '10:52:00', 620),
(146, 'Дорохов Кирилл Богданович', 2, '2020-02-04', '16:14:32', 800),
(147, 'Крюков Виктор Ринатович', 1, '2020-01-27', '16:15:32', 450),
(148, 'Коротков Елисей Дмитриевич', 2, '2020-02-24', '21:24:32', 670),
(149, 'Гуров Артур Левович', 2, '2020-02-18', '02:23:41', 910),
(150, 'Соболев Марсель Робертович', 2, '2020-01-14', '23:04:53', 160),
(151, 'Снегирева Илона Дична', 1, '2020-01-26', '14:29:19', 340),
(152, 'Зотова Ульяна Антиповна', 2, '2020-01-03', '02:08:56', 550),
(153, 'Нестерова Алена Николаевна', 1, '2020-01-15', '10:27:52', 60),
(154, 'Грекова Екатерина Виталиевна', 1, '2020-01-16', '20:51:17', 150),
(155, 'Сухова Надежда Марковна', 2, '2020-01-20', '04:38:19', 500),
(156, 'Нестерова Ольга Емельяновна', 1, '2020-02-09', '22:13:22', 580),
(157, 'Медведева Лариса Григориевна', 2, '2020-02-01', '06:44:06', 910),
(158, 'Калинина Маргарита Руслановна', 1, '2020-02-16', '14:00:11', 430),
(159, 'Воронцова Карина Мирославовна', 2, '2020-01-21', '15:02:02', 290),
(160, 'Швецова Вероника Артемиевна', 2, '2020-01-26', '11:37:28', 170),
(161, 'Капустина Елизавета Евгениевна', 1, '2020-01-15', '05:30:13', 150),
(162, 'Борисова Ариана Георгиевна', 2, '2020-02-17', '02:10:04', 510),
(163, 'Синицына Варвара Антониновна', 2, '2020-01-17', '15:07:17', 150),
(164, 'Смирнова Амелия Робертовна', 2, '2020-02-09', '04:19:44', 380),
(165, 'Петрова Маргарита Якововна', 1, '2020-01-22', '02:37:16', 20),
(166, 'Булгакова Вероника Данииловна', 2, '2020-01-11', '11:58:46', 270),
(167, 'Шарова Амелия Даниловна', 2, '2020-01-15', '20:58:01', 910),
(168, 'Макарова Нелли Трофимовна', 1, '2020-01-25', '11:10:46', 20),
(169, 'Щукина Эльвира Назаровна', 2, '2020-01-02', '04:29:28', 630),
(170, 'Минаева Ева Вениаминовна', 1, '2020-02-28', '13:47:52', 740),
(171, 'Архипова Татьяна Елизаровна', 1, '2020-01-04', '03:30:27', 820),
(172, 'Калинина Аксинья Диновна', 1, '2020-02-10', '08:43:00', 690),
(173, 'Нестерова Василина Савелиевна', 2, '2020-02-18', '10:29:38', 980),
(174, 'Иванова Марина Демидовна', 2, '2020-01-09', '11:17:10', 80),
(175, 'Губанова Клавдия Александровна', 1, '2020-02-09', '04:08:12', 430),
(176, 'Константинова Эмилия Руслановна', 1, '2020-02-10', '15:18:56', 70),
(177, 'Морозова Марианна Виталиевна', 1, '2020-02-24', '18:28:45', 240),
(178, 'Басова Мелания Виталиевна', 2, '2020-01-04', '07:13:44', 650),
(179, 'Воронина Ксения Филипповна', 2, '2020-02-19', '05:17:15', 370),
(180, 'Мартынова Ярослава Гордеевна', 1, '2020-01-05', '13:48:54', 100),
(181, 'Масленникова Альбина Владовна', 1, '2020-01-22', '04:42:50', 640),
(182, 'Громова София Тимофеевна', 2, '2020-01-21', '19:24:46', 330),
(183, 'Астахова Эльвира Робертовна', 1, '2020-01-25', '21:27:42', 380),
(184, 'Хохлова Ульяна Святославовна', 2, '2020-02-13', '00:40:08', 280),
(185, 'Гладкова София Антоновна', 2, '2020-02-06', '16:51:00', 210),
(186, 'Сычева Элина Ильяовна', 1, '2020-01-04', '12:53:02', 790),
(187, 'Зимина Амина Эльдаровна', 1, '2020-02-11', '21:29:42', 250),
(188, 'Денисова Агата Игнатовна', 2, '2020-01-19', '08:12:21', 80),
(189, 'Маркелова Аделина Георгиевна', 2, '2020-01-05', '00:41:06', 250),
(190, 'Жукова Валентина Святославовна', 2, '2020-02-05', '13:45:35', 930),
(191, 'Кондратова Людмила Антоновна', 2, '2020-02-11', '13:39:02', 120),
(192, 'Колесова Таисия Трофимовна', 2, '2020-01-04', '04:25:07', 550),
(193, 'Носова Елизавета Власовна', 1, '2020-02-10', '15:39:32', 860),
(194, 'Калугина Амелия Святославовна', 1, '2020-02-14', '04:55:18', 420),
(195, 'Гусева Илона Ивановна', 1, '2020-01-09', '17:07:58', 580),
(196, 'Винокурова Анастасия Сична', 1, '2020-01-22', '13:19:41', 980),
(197, 'Елизарова Антонина Григориевна', 1, '2020-01-24', '06:59:04', 940),
(198, 'Орехова Антонина Тимофеевна', 1, '2020-02-26', '02:03:41', 380),
(199, 'Соловьева Сабина Робертовна', 2, '2020-02-11', '17:43:58', 860),
(200, 'Толкачева Ксения Виталиевна', 2, '2020-02-14', '07:09:53', 300),
(201, 'Дроздов Демьян Эдуардович', 1, '2020-02-03', '08:50:28', 910),
(202, 'Аксенов Иннокентий Афанасиевич', 2, '2020-02-26', '22:14:12', 730),
(203, 'Прохоров Рустам Юлиевич', 1, '2020-01-18', '01:16:06', 390),
(204, 'Зуев Иван Марсович', 1, '2020-01-24', '14:43:38', 670),
(205, 'Жаров Ринат Бориславович', 1, '2020-01-28', '19:11:28', 460),
(206, 'Малышев Федор Тимофеевич', 1, '2020-02-22', '04:12:07', 790),
(207, 'Кузьмин Савва Владленович', 1, '2020-01-22', '11:46:54', 910),
(208, 'Корнилов Ростислав Елизарович', 1, '2020-02-07', '21:46:14', 410),
(209, 'Курочкин Виталий Демьянович', 1, '2020-01-22', '02:50:16', 860),
(210, 'Аникин Федор Святославович', 1, '2020-02-04', '01:43:35', 740),
(211, 'Князев Оскар Антонинович', 2, '2020-02-25', '01:58:46', 150),
(212, 'Савицкий Эльдар Петрович', 2, '2020-01-03', '23:44:03', 140),
(213, 'Рыбаков Яков Ефремович', 2, '2020-02-27', '09:14:55', 780),
(214, 'Еремеев Илья Владленович', 2, '2020-02-03', '09:51:10', 110),
(215, 'Чижов Игорь Шамилевич', 1, '2020-02-12', '00:18:15', 970),
(216, 'Щербаков Антип Наумович', 2, '2020-01-24', '19:28:43', 860),
(217, 'Черепанов Артур Тимофеевич', 1, '2020-02-05', '02:12:57', 220),
(218, 'Овчинников Станислав Алексиевич', 1, '2020-01-19', '11:40:02', 740),
(219, 'Сизов Данил Яковович', 2, '2020-02-19', '02:35:10', 20),
(220, 'Савицкий Ян Кондратович', 1, '2020-02-26', '10:48:55', 460),
(221, 'Сорокин Борислав Эдгарович', 1, '2020-01-18', '18:12:53', 580),
(222, 'Бирюков Макс Архипович', 1, '2020-02-08', '15:12:14', 340),
(223, 'Озеров Артур Евдокимович', 2, '2020-02-16', '15:12:50', 270),
(224, 'Панков Филипп Игнатович', 2, '2020-01-19', '20:32:45', 90),
(225, 'Громов Данила Владович', 2, '2020-01-19', '09:02:09', 860),
(226, 'Крюков Антон Иннокентиевич', 1, '2020-01-21', '10:08:40', 870),
(227, 'Колесов Клим Игоревич', 2, '2020-01-14', '09:56:11', 530),
(228, 'Романов Гордей Эльдарович', 2, '2020-01-22', '14:05:29', 870),
(229, 'Матвеев Эльдар Трофимович', 2, '2020-02-25', '15:08:28', 770),
(230, 'Платонов Богдан Елисеевич', 2, '2020-02-07', '04:04:23', 380),
(231, 'Гущин Руслан Юлиевич', 2, '2020-02-06', '01:09:33', 450),
(232, 'Дубровин Яков Елисеевич', 2, '2020-01-14', '14:33:59', 740),
(233, 'Ларионов Сергей Эдуардович', 2, '2020-02-23', '22:40:06', 80),
(234, 'Самойлов Марс Геннадиевич', 1, '2020-02-23', '00:12:08', 110),
(235, 'Рыжов Ипполит Аркадиевич', 2, '2020-01-07', '20:48:25', 170),
(236, 'Смирнов Леонид Никитич', 2, '2020-02-15', '22:55:01', 160),
(237, 'Шевцов Алексий Ильяович', 2, '2020-01-02', '14:29:18', 200),
(238, 'Овчинников Макс Архипович', 2, '2020-01-07', '09:17:20', 840),
(239, 'Шаповалов Михаил Ринатович', 2, '2020-01-02', '22:24:34', 650),
(240, 'Дубровин Эмиль Каримович', 2, '2020-01-22', '18:33:54', 970),
(241, 'Усов Кирилл Валериевич', 1, '2020-01-01', '17:04:54', 270),
(242, 'Басов Эдгар Глебович', 1, '2020-02-12', '17:50:19', 360),
(243, 'Мухин Дорофей Никитич', 2, '2020-02-13', '12:05:31', 90),
(244, 'Булатов Михаил Каримович', 1, '2020-01-28', '12:27:14', 640),
(245, 'Трифонов Иван Егорович', 1, '2020-01-24', '22:23:34', 800),
(246, 'Губанов Слава Савелиевич', 1, '2020-01-19', '05:26:17', 410),
(247, 'Крылов Дмитрий Владович', 2, '2020-02-07', '13:14:52', 520),
(248, 'Мешков Антон Максимович', 1, '2020-01-07', '11:23:37', 130),
(249, 'Рогов Петр Никифорович', 2, '2020-01-07', '14:40:33', 100),
(250, 'Завьялов Ринат Валентинович', 1, '2020-02-22', '10:45:40', 310),
(251, 'Голубева Лина Осиповна', 2, '2020-02-09', '15:14:06', 700),
(252, 'Суворова Аделина Вадимовна', 2, '2020-02-27', '05:21:40', 570),
(253, 'Филимонова Эмилия Иннокентиевна', 2, '2020-02-13', '23:56:18', 870),
(254, 'Никонова Амелия Диновна', 1, '2020-01-18', '18:43:12', 330),
(255, 'Любимова София Германовна', 1, '2020-01-04', '11:12:25', 190),
(256, 'Гусева Жанна Тихоновна', 2, '2020-02-24', '03:31:31', 470),
(257, 'Демьянова Аксинья Ефимовна', 1, '2020-01-11', '07:53:26', 980),
(258, 'Громова Лина Станиславовна', 2, '2020-01-13', '19:21:21', 490),
(259, 'Лыкова Василина Романовна', 1, '2020-02-25', '12:54:23', 670),
(260, 'Кошелева Тамара Альбертовна', 1, '2020-02-21', '03:14:23', 770),
(261, 'Малинина Аделина Сична', 2, '2020-02-24', '10:47:21', 440),
(262, 'Жданова Лилия Тимуровна', 1, '2020-01-13', '19:45:41', 830),
(263, 'Королькова Мария Ефимовна', 1, '2020-02-19', '20:03:48', 90),
(264, 'Абрамова Дарина Наумовна', 1, '2020-02-19', '14:08:12', 210),
(265, 'Одинцова Аида Слична', 1, '2020-02-05', '15:03:03', 60),
(266, 'Макарова Мирослава Всеволодовна', 2, '2020-02-11', '13:00:50', 330),
(267, 'Евсеева Вера Гаврииловна', 1, '2020-01-20', '03:41:40', 170),
(268, 'Карасева Жанна Сергеевна', 1, '2020-01-09', '04:35:13', 130),
(269, 'Розанова Агата Макаровна', 2, '2020-01-23', '15:08:46', 380),
(270, 'Покровская Ксения Ринатовна', 2, '2020-01-05', '17:38:45', 710),
(271, 'Гаврилова Нина Альбертовна', 1, '2020-01-08', '01:57:02', 450),
(272, 'Никольская Кристина Осиповна', 2, '2020-02-14', '10:32:55', 850),
(273, 'Майорова Лия Кондратовна', 2, '2020-02-14', '11:49:57', 310),
(274, 'Пастухова Марианна Артемовна', 1, '2020-02-26', '20:04:27', 20),
(275, 'Кулагина Лидия Эриковна', 1, '2020-02-12', '01:54:40', 810),
(276, 'Балашова Ника Елисеевна', 2, '2020-01-04', '14:10:31', 120),
(277, 'Булгакова Алина Эмилевна', 1, '2020-01-06', '14:50:23', 160),
(278, 'Агапова Жанна Ростиславовна', 1, '2020-02-07', '19:48:25', 80),
(279, 'Лаврова Эльвира Афанасиевна', 2, '2020-01-06', '21:34:02', 610),
(280, 'Лосева София Ринатовна', 1, '2020-01-12', '14:14:11', 410),
(281, 'Чистякова Валентина Анатолиевна', 2, '2020-01-24', '15:25:51', 760),
(282, 'Руднева Милена Мирославовна', 1, '2020-02-08', '05:04:44', 210),
(283, 'Голованова Тамара Дмитриевна', 2, '2020-01-08', '02:14:30', 670),
(284, 'Маркелова Надежда Кондратовна', 2, '2020-02-21', '14:29:44', 90),
(285, 'Троицкая Мелания Петровна', 1, '2020-02-28', '14:12:18', 800),
(286, 'Моисеева Сабина Антоновна', 1, '2020-01-05', '09:34:23', 670),
(287, 'Миронова Мелания Ефимовна', 2, '2020-02-19', '12:18:44', 460),
(288, 'Латышева Альбина Ефремовна', 2, '2020-01-15', '23:40:40', 610),
(289, 'Кравцова Ярослава Евгениевна', 1, '2020-01-02', '22:06:24', 80),
(290, 'Успенская Варвара Романовна', 2, '2020-01-18', '20:25:00', 980),
(291, 'Зуева Полина Назаровна', 2, '2020-01-21', '16:07:37', 490),
(292, 'Севастьянова Диана Эдуардовна', 1, '2020-01-03', '04:00:11', 110),
(293, 'Румянцева Любовь Пахомовна', 2, '2020-01-17', '12:38:35', 410),
(294, 'Комиссарова Аделина Дична', 1, '2020-01-13', '10:59:28', 940),
(295, 'Москвина Наталья Сична', 2, '2020-01-18', '21:43:07', 680),
(296, 'Кочетова Альбина Эльбрусовна', 1, '2020-02-09', '13:02:58', 80),
(297, 'Куликова Маргарита Тарасовна', 1, '2020-02-21', '02:12:34', 390),
(298, 'Родионова Стефания Ефимовна', 2, '2020-01-10', '18:25:32', 270),
(299, 'Агеева Антонина Эдгаровна', 2, '2020-01-07', '03:08:26', 520),
(300, 'Зеленина Олеся Всеволодовна', 1, '2020-01-09', '06:04:19', 400);

-- --------------------------------------------------------

--
-- Структура таблицы `investments`
--

CREATE TABLE IF NOT EXISTS `investments` (
  `Id` int(11) NOT NULL AUTO_INCREMENT,
  `Source` int(11) NOT NULL,
  `Amount` float NOT NULL,
  `Month` varchar(11) DEFAULT NULL,
  PRIMARY KEY (`Id`),
  KEY `Source` (`Source`)
) ENGINE=InnoDB  DEFAULT CHARSET=utf8 AUTO_INCREMENT=15 ;

--
-- Дамп данных таблицы `investments`
--

INSERT INTO `investments` (`Id`, `Source`, `Amount`, `Month`) VALUES
(1, 1, 23000, 'Январь'),
(2, 2, 16000, 'Январь'),
(3, 3, 23000, 'Январь'),
(4, 4, 16000, 'Январь'),
(5, 5, 16000, 'Январь'),
(6, 6, 16000, 'Январь'),
(7, 7, 26000, 'Январь'),
(8, 1, 10000, 'Февраль'),
(9, 2, 28000, 'Февраль'),
(10, 3, 29000, 'Февраль'),
(11, 4, 13000, 'Февраль'),
(12, 5, 26000, 'Февраль'),
(13, 6, 12000, 'Февраль'),
(14, 7, 25000, 'Февраль');

-- --------------------------------------------------------

--
-- Структура таблицы `source`
--

CREATE TABLE IF NOT EXISTS `source` (
  `Id` int(11) NOT NULL AUTO_INCREMENT,
  `Title` varchar(64) DEFAULT NULL,
  PRIMARY KEY (`Id`)
) ENGINE=InnoDB  DEFAULT CHARSET=utf8 AUTO_INCREMENT=8 ;

--
-- Дамп данных таблицы `source`
--

INSERT INTO `source` (`Id`, `Title`) VALUES
(1, 'Instagram'),
(2, 'ВКонтакте'),
(3, 'Facebook'),
(4, 'Twitter'),
(5, 'Сайт metanit.com'),
(6, 'Телеканал Второй'),
(7, 'YouTube');

--
-- Ограничения внешнего ключа сохраненных таблиц
--

--
-- Ограничения внешнего ключа таблицы `clients`
--
ALTER TABLE `clients`
  ADD CONSTRAINT `clients_ibfk_1` FOREIGN KEY (`Source`) REFERENCES `source` (`Id`) ON DELETE CASCADE ON UPDATE CASCADE;

--
-- Ограничения внешнего ключа таблицы `investments`
--
ALTER TABLE `investments`
  ADD CONSTRAINT `investments_ibfk_1` FOREIGN KEY (`Source`) REFERENCES `source` (`Id`) ON DELETE CASCADE ON UPDATE CASCADE;

/*!40101 SET CHARACTER_SET_CLIENT=@OLD_CHARACTER_SET_CLIENT */;
/*!40101 SET CHARACTER_SET_RESULTS=@OLD_CHARACTER_SET_RESULTS */;
/*!40101 SET COLLATION_CONNECTION=@OLD_COLLATION_CONNECTION */;